<prezi xsi:schemaLocation="http://prezi.com/schema/prezi/2 http://prezi.com/schema/prezi/2" xmlns:xsi="http://www.w3.org/2001/XMLSchema-instance" version="2" xmlns="http://prezi.com/schema/prezi/2"><xFields><xField name="preziType"><xEnum type="PreziType" value="converted-from-core"/></xField></xFields><documentStyle><documentStyle><fontClasses><array><fontClass><fontFamily><string value="Arimo"/></fontFamily><name><string value="body"/></name></fontClass><fontClass><fontFamily><string value="Comfortaa"/></fontFamily><name><string value="custom-comfortaa"/></name></fontClass><fontClass><fontFamily><string value="Arimo"/></fontFamily><fontWeight><fontWeight value="bold"/></fontWeight><name><string value="head"/></name></fontClass><fontClass><fontFamily><string value="Arimo"/></fontFamily><fontStyle><fontStyle value="italic"/></fontStyle><fontWeight><fontWeight value="bold"/></fontWeight><name><string value="strong"/></name></fontClass></array></fontClasses><fontFamilies><array><fontFamily><fontFaces><array><fontFace><fontSrc><string value="Arimo-Regular.keg"/></fontSrc></fontFace><fontFace><fontSrc><string value="Arimo-Bold.keg"/></fontSrc><fontWeight><fontWeight value="bold"/></fontWeight></fontFace><fontFace><fontSrc><string value="Arimo-BoldItalic.keg"/></fontSrc><fontStyle><fontStyle value="italic"/></fontStyle><fontWeight><fontWeight value="bold"/></fontWeight></fontFace><fontFace><fontSrc><string value="Arimo-Italic.keg"/></fontSrc><fontStyle><fontStyle value="italic"/></fontStyle></fontFace></array></fontFaces><name><string value="Arimo"/></name></fontFamily><fontFamily><fontFaces><array><fontFace><fontSrc><string value="Comfortaa-Regular.keg"/></fontSrc></fontFace><fontFace><fontSrc><string value="Comfortaa-Bold.keg"/></fontSrc><fontWeight><fontWeight value="bold"/></fontWeight></fontFace></array></fontFaces><name><string value="Comfortaa"/></name></fontFamily></array></fontFamilies><styleDeclarations><array><styleDeclaration><styleBlock><styleBlock><gradEndAlpha><double value="0.7"/></gradEndAlpha><gradStartAlpha><double value="0.5"/></gradStartAlpha></styleBlock></styleBlock><styleSelector><simpleSelector value="zCircle"/></styleSelector></styleDeclaration><styleDeclaration><styleBlock><styleBlock><color><color value="#C7C7C4"/></color><gradEndColor><color value="#C7C7C4"/></gradEndColor><gradStartColor><color value="#C7C7C4"/></gradStartColor><fillType><fillType value="linear"/></fillType></styleBlock></styleBlock><styleSelector><simpleSelector value="*.line1"/></styleSelector></styleDeclaration><styleDeclaration><styleBlock><styleBlock><color><color value="#555555"/></color><gradEndColor><color value="#555555"/></gradEndColor><gradStartColor><color value="#888888"/></gradStartColor><fillType><fillType value="linear"/></fillType></styleBlock></styleBlock><styleSelector><simpleSelector value="*.line2"/></styleSelector></styleDeclaration><styleDeclaration><styleBlock><styleBlock><color><color value="#5374EC"/></color><gradEndColor><color value="#5374EC"/></gradEndColor><gradStartColor><color value="#5374EC"/></gradStartColor><fillType><fillType value="linear"/></fillType></styleBlock></styleBlock><styleSelector><simpleSelector value="*.line3"/></styleSelector></styleDeclaration><styleDeclaration><styleBlock><styleBlock><color><color value="#66E186"/></color><gradEndColor><color value="#66E186"/></gradEndColor><gradStartColor><color value="#66E186"/></gradStartColor><fillType><fillType value="linear"/></fillType></styleBlock></styleBlock><styleSelector><simpleSelector value="*.line4"/></styleSelector></styleDeclaration><styleDeclaration><styleBlock><styleBlock><color><color value="#FA5151"/></color><gradEndColor><color value="#FA5151"/></gradEndColor><gradStartColor><color value="#FA5151"/></gradStartColor><fillType><fillType value="linear"/></fillType></styleBlock></styleBlock><styleSelector><simpleSelector value="*.line5"/></styleSelector></styleDeclaration><styleDeclaration><styleBlock><styleBlock><color><color value="#FFFFFF"/></color><gradEndColor><color value="#C7C7C4"/></gradEndColor><gradStartColor><color value="#C7C7C4"/></gradStartColor><fillType><fillType value="linear"/></fillType></styleBlock></styleBlock><styleSelector><simpleSelector value="*.poly1"/></styleSelector></styleDeclaration><styleDeclaration><styleBlock><styleBlock><color><color value="#FFFFFF"/></color><gradEndColor><color value="#000000"/></gradEndColor><gradStartColor><color value="#333333"/></gradStartColor><fillType><fillType value="linear"/></fillType></styleBlock></styleBlock><styleSelector><simpleSelector value="*.poly2"/></styleSelector></styleDeclaration><styleDeclaration><styleBlock><styleBlock><color><color value="#FFFFFF"/></color><gradEndColor><color value="#5374EC"/></gradEndColor><gradStartColor><color value="#5374EC"/></gradStartColor><fillType><fillType value="linear"/></fillType></styleBlock></styleBlock><styleSelector><simpleSelector value="*.poly3"/></styleSelector></styleDeclaration><styleDeclaration><styleBlock><styleBlock><color><color value="#FFFFFF"/></color><gradEndColor><color value="#66E186"/></gradEndColor><gradStartColor><color value="#66E186"/></gradStartColor><fillType><fillType value="linear"/></fillType></styleBlock></styleBlock><styleSelector><simpleSelector value="*.poly4"/></styleSelector></styleDeclaration><styleDeclaration><styleBlock><styleBlock><color><color value="#FFFFFF"/></color><gradEndColor><color value="#FA5151"/></gradEndColor><gradStartColor><color value="#FA5151"/></gradStartColor><fillType><fillType value="linear"/></fillType></styleBlock></styleBlock><styleSelector><simpleSelector value="*.poly5"/></styleSelector></styleDeclaration><styleDeclaration><styleBlock><styleBlock><gradEndColor><color value="#FFFFFF"/></gradEndColor><gradStartColor><color value="#FFFFFF"/></gradStartColor><fillType><fillType value="linear"/></fillType></styleBlock></styleBlock><styleSelector><simpleSelector value="background"/></styleSelector></styleDeclaration><styleDeclaration><styleBlock><styleBlock><gradEndAlpha><double value="1"/></gradEndAlpha><gradEndColor><color value="#FFFFFF"/></gradEndColor><gradStartAlpha><double value="1"/></gradStartAlpha><gradStartColor><color value="#FFFFFF"/></gradStartColor><fillType><fillType value="linear"/></fillType><borderAlpha><double value="0"/></borderAlpha><borderThickness><double value="0"/></borderThickness><thickness><double value="10"/></thickness></styleBlock></styleBlock><styleSelector><simpleSelector value="zArrow"/></styleSelector></styleDeclaration><styleDeclaration><styleBlock><styleBlock><gradEndAlpha><double value="1"/></gradEndAlpha><gradStartAlpha><double value="1"/></gradStartAlpha><borderAlpha><double value="0"/></borderAlpha><radius><double value="0"/></radius><thickness><double value="100"/></thickness></styleBlock></styleBlock><styleSelector><simpleSelector value="zCircle"/></styleSelector></styleDeclaration><styleDeclaration><styleBlock><styleBlock><color><color value="#FFFFFF"/></color></styleBlock></styleBlock><styleSelector><simpleSelector value="zPencil"/></styleSelector></styleDeclaration><styleDeclaration><styleBlock><styleBlock><gradEndAlpha><double value="1"/></gradEndAlpha><gradEndColor><color value="#318BFF"/></gradEndColor><gradStartAlpha><double value="1"/></gradStartAlpha><gradStartColor><color value="#318BFF"/></gradStartColor><fillType><fillType value="linear"/></fillType><borderAlpha><double value="0"/></borderAlpha><borderColor><color value="#318BFF"/></borderColor><borderThickness><double value="0"/></borderThickness><padding><double value="1.03"/></padding><thickness><double value="3"/></thickness></styleBlock></styleBlock><styleSelector><simpleSelector value="zBracketFrame"/></styleSelector></styleDeclaration><styleDeclaration><styleBlock><styleBlock><gradEndAlpha><double value="1"/></gradEndAlpha><gradEndColor><color value="#318BFF"/></gradEndColor><gradStartAlpha><double value="1"/></gradStartAlpha><gradStartColor><color value="#318BFF"/></gradStartColor><fillType><fillType value="linear"/></fillType><borderAlpha><double value="0"/></borderAlpha><borderColor><color value="#333333"/></borderColor><borderThickness><double value="3"/></borderThickness><padding><double value="1.03"/></padding><thickness><double value="3"/></thickness></styleBlock></styleBlock><styleSelector><simpleSelector value="zCircleFrame"/></styleSelector></styleDeclaration><styleDeclaration><styleBlock><styleBlock><gradEndAlpha><double value="0.2"/></gradEndAlpha><gradEndColor><color value="#318BFF"/></gradEndColor><gradStartAlpha><double value="0"/></gradStartAlpha><gradStartColor><color value="#318BFF"/></gradStartColor><fillType><fillType value="linear"/></fillType><borderAlpha><double value="1"/></borderAlpha><borderColor><color value="#318BFF"/></borderColor><borderThickness><double value="10"/></borderThickness><padding><double value="1.03"/></padding><radius><double value="1"/></radius><thickness><double value="3"/></thickness></styleBlock></styleBlock><styleSelector><simpleSelector value="zRectangleFrame"/></styleSelector></styleDeclaration><styleDeclaration><styleBlock><styleBlock><padding><double value="1.2"/></padding></styleBlock></styleBlock><styleSelector><simpleSelector value="zText"/></styleSelector></styleDeclaration><styleDeclaration><styleBlock><styleBlock><color><color value="#333333"/></color><fontClass><string value="body"/></fontClass></styleBlock></styleBlock><styleSelector><simpleSelector value="zText.body"/></styleSelector></styleDeclaration><styleDeclaration><styleBlock><styleBlock><backgroundAlpha><double value="0.9"/></backgroundAlpha><backgroundColor><color value="#E4E4DD"/></backgroundColor><backgroundPadding><double value="6"/></backgroundPadding></styleBlock></styleBlock><styleSelector><simpleSelector value="zText.body-background"/></styleSelector></styleDeclaration><styleDeclaration><styleBlock><styleBlock><color><color value="#333333"/></color><fontClass><string value="head"/></fontClass></styleBlock></styleBlock><styleSelector><simpleSelector value="zText.title"/></styleSelector></styleDeclaration><styleDeclaration><styleBlock><styleBlock><backgroundAlpha><double value="0.9"/></backgroundAlpha><backgroundColor><color value="#F6F1A6"/></backgroundColor><backgroundPadding><double value="6"/></backgroundPadding></styleBlock></styleBlock><styleSelector><simpleSelector value="zText.title-background"/></styleSelector></styleDeclaration><styleDeclaration><styleBlock><styleBlock><color><color value="#333333"/></color><fontClass><string value="strong"/></fontClass></styleBlock></styleBlock><styleSelector><simpleSelector value="zText.subtitle"/></styleSelector></styleDeclaration><styleDeclaration><styleBlock><styleBlock><backgroundAlpha><double value="0.9"/></backgroundAlpha><backgroundColor><color value="#D3E2EE"/></backgroundColor><backgroundPadding><double value="6"/></backgroundPadding></styleBlock></styleBlock><styleSelector><simpleSelector value="zText.subtitle-background"/></styleSelector></styleDeclaration><styleDeclaration><styleBlock><styleBlock><color><color value="#FFFFFF"/></color></styleBlock></styleBlock><styleSelector><simpleSelector value="zLine"/></styleSelector></styleDeclaration><styleDeclaration><styleBlock><styleBlock><color><color value="#F0EA82"/></color><alpha><double value="0.65"/></alpha></styleBlock></styleBlock><styleSelector><simpleSelector value="zMarker"/></styleSelector></styleDeclaration><styleDeclaration><styleBlock><styleBlock><gradEndAlpha><double value="1"/></gradEndAlpha><gradStartAlpha><double value="1"/></gradStartAlpha><borderAlpha><double value="0"/></borderAlpha><radius><double value="0"/></radius><thickness><double value="100"/></thickness></styleBlock></styleBlock><styleSelector><simpleSelector value="zTriangle"/></styleSelector></styleDeclaration><styleDeclaration><styleBlock><styleBlock><gradEndAlpha><double value="1"/></gradEndAlpha><gradStartAlpha><double value="1"/></gradStartAlpha><borderAlpha><double value="0"/></borderAlpha><radius><double value="0"/></radius><thickness><double value="100"/></thickness></styleBlock></styleBlock><styleSelector><simpleSelector value="zSquare"/></styleSelector></styleDeclaration><styleDeclaration><styleBlock><styleBlock><fontClass><string value="custom-comfortaa"/></fontClass></styleBlock></styleBlock><styleSelector><simpleSelector value="#11_120686956"/></styleSelector></styleDeclaration><styleDeclaration><styleBlock><styleBlock><color><color value="#322C69"/></color><gradEndAlpha><double value="1"/></gradEndAlpha><gradEndColor><color value="#322C69"/></gradEndColor><gradStartAlpha><double value="1"/></gradStartAlpha><gradStartColor><color value="#322C69"/></gradStartColor><fillType><fillType value="linear"/></fillType><borderColor><color value="#322C69"/></borderColor><thickness><double value="10"/></thickness></styleBlock></styleBlock><styleSelector><simpleSelector value="#15_120686956"/></styleSelector></styleDeclaration><styleDeclaration><styleBlock><styleBlock><fontClass><string value="custom-comfortaa"/></fontClass></styleBlock></styleBlock><styleSelector><simpleSelector value="#17_120686956"/></styleSelector></styleDeclaration><styleDeclaration><styleBlock><styleBlock><fontClass><string value="custom-comfortaa"/></fontClass></styleBlock></styleBlock><styleSelector><simpleSelector value="#19_120686956"/></styleSelector></styleDeclaration><styleDeclaration><styleBlock><styleBlock><color><color value="#FFFFFF"/></color><gradEndAlpha><double value="1"/></gradEndAlpha><gradEndColor><color value="#FFFFFF"/></gradEndColor><gradStartAlpha><double value="1"/></gradStartAlpha><gradStartColor><color value="#FFFFFF"/></gradStartColor><fillType><fillType value="linear"/></fillType><borderColor><color value="#FFFFFF"/></borderColor><thickness><double value="10"/></thickness></styleBlock></styleBlock><styleSelector><simpleSelector value="#20_120686956"/></styleSelector></styleDeclaration><styleDeclaration><styleBlock><styleBlock><color><color value="#FFFFFF"/></color><gradEndAlpha><double value="1"/></gradEndAlpha><gradEndColor><color value="#FFFFFF"/></gradEndColor><gradStartAlpha><double value="1"/></gradStartAlpha><gradStartColor><color value="#FFFFFF"/></gradStartColor><fillType><fillType value="linear"/></fillType><thickness><double value="8"/></thickness></styleBlock></styleBlock><styleSelector><simpleSelector value="#21_120686956"/></styleSelector></styleDeclaration><styleDeclaration><styleBlock><styleBlock><color><color value="#FFFFFF"/></color><gradEndAlpha><double value="1"/></gradEndAlpha><gradEndColor><color value="#FFFFFF"/></gradEndColor><gradStartAlpha><double value="1"/></gradStartAlpha><gradStartColor><color value="#FFFFFF"/></gradStartColor><fillType><fillType value="linear"/></fillType><thickness><double value="8"/></thickness></styleBlock></styleBlock><styleSelector><simpleSelector value="#22_120686956"/></styleSelector></styleDeclaration><styleDeclaration><styleBlock><styleBlock><color><color value="#322C69"/></color><gradEndAlpha><double value="1"/></gradEndAlpha><gradEndColor><color value="#322C69"/></gradEndColor><gradStartAlpha><double value="1"/></gradStartAlpha><gradStartColor><color value="#322C69"/></gradStartColor><fillType><fillType value="linear"/></fillType><borderColor><color value="#322C69"/></borderColor><thickness><double value="10"/></thickness></styleBlock></styleBlock><styleSelector><simpleSelector value="#23_120686956"/></styleSelector></styleDeclaration><styleDeclaration><styleBlock><styleBlock><fontClass><string value="custom-comfortaa"/></fontClass></styleBlock></styleBlock><styleSelector><simpleSelector value="#25"/></styleSelector></styleDeclaration><styleDeclaration><styleBlock><styleBlock><fontClass><string value="custom-comfortaa"/></fontClass></styleBlock></styleBlock><styleSelector><simpleSelector value="#28"/></styleSelector></styleDeclaration><styleDeclaration><styleBlock><styleBlock><color><color value="#EC2E53"/></color><gradEndAlpha><double value="1"/></gradEndAlpha><gradEndColor><color value="#EC2E53"/></gradEndColor><gradStartAlpha><double value="1"/></gradStartAlpha><gradStartColor><color value="#EC2E53"/></gradStartColor><fillType><fillType value="linear"/></fillType><borderColor><color value="#EC2E53"/></borderColor><thickness><double value="10"/></thickness></styleBlock></styleBlock><styleSelector><simpleSelector value="#28_120686956"/></styleSelector></styleDeclaration><styleDeclaration><styleBlock><styleBlock><fontClass><string value="custom-comfortaa"/></fontClass></styleBlock></styleBlock><styleSelector><simpleSelector value="#29"/></styleSelector></styleDeclaration><styleDeclaration><styleBlock><styleBlock><fontClass><string value="custom-comfortaa"/></fontClass></styleBlock></styleBlock><styleSelector><simpleSelector value="#2_120686956"/></styleSelector></styleDeclaration><styleDeclaration><styleBlock><styleBlock><fontClass><string value="custom-comfortaa"/></fontClass></styleBlock></styleBlock><styleSelector><simpleSelector value="#30"/></styleSelector></styleDeclaration><styleDeclaration><styleBlock><styleBlock><color><color value="#EC2E53"/></color><gradEndAlpha><double value="1"/></gradEndAlpha><gradEndColor><color value="#EC2E53"/></gradEndColor><gradStartAlpha><double value="1"/></gradStartAlpha><gradStartColor><color value="#EC2E53"/></gradStartColor><fillType><fillType value="linear"/></fillType><borderColor><color value="#EC2E53"/></borderColor><thickness><double value="10"/></thickness></styleBlock></styleBlock><styleSelector><simpleSelector value="#30_120686956"/></styleSelector></styleDeclaration><styleDeclaration><styleBlock><styleBlock><color><color value="#35AFA9"/></color><gradEndAlpha><double value="1"/></gradEndAlpha><gradEndColor><color value="#35AFA9"/></gradEndColor><gradStartAlpha><double value="1"/></gradStartAlpha><gradStartColor><color value="#35AFA9"/></gradStartColor><fillType><fillType value="linear"/></fillType><borderColor><color value="#35AFA9"/></borderColor><thickness><double value="10"/></thickness></styleBlock></styleBlock><styleSelector><simpleSelector value="#35_120686956"/></styleSelector></styleDeclaration><styleDeclaration><styleBlock><styleBlock><color><color value="#35AFA9"/></color><gradEndAlpha><double value="1"/></gradEndAlpha><gradEndColor><color value="#35AFA9"/></gradEndColor><gradStartAlpha><double value="1"/></gradStartAlpha><gradStartColor><color value="#35AFA9"/></gradStartColor><fillType><fillType value="linear"/></fillType><borderColor><color value="#35AFA9"/></borderColor><thickness><double value="10"/></thickness></styleBlock></styleBlock><styleSelector><simpleSelector value="#48_120686956"/></styleSelector></styleDeclaration><styleDeclaration><styleBlock><styleBlock><color><color value="#194A99"/></color><gradEndAlpha><double value="1"/></gradEndAlpha><gradEndColor><color value="#194A99"/></gradEndColor><gradStartAlpha><double value="1"/></gradStartAlpha><gradStartColor><color value="#194A99"/></gradStartColor><fillType><fillType value="linear"/></fillType><borderColor><color value="#194A99"/></borderColor><thickness><double value="10"/></thickness></styleBlock></styleBlock><styleSelector><simpleSelector value="#49_120686956"/></styleSelector></styleDeclaration><styleDeclaration><styleBlock><styleBlock><color><color value="#194A99"/></color><gradEndAlpha><double value="1"/></gradEndAlpha><gradEndColor><color value="#194A99"/></gradEndColor><gradStartAlpha><double value="1"/></gradStartAlpha><gradStartColor><color value="#194A99"/></gradStartColor><fillType><fillType value="linear"/></fillType><borderColor><color value="#194A99"/></borderColor><thickness><double value="10"/></thickness></styleBlock></styleBlock><styleSelector><simpleSelector value="#54_120686956"/></styleSelector></styleDeclaration><styleDeclaration><styleBlock><styleBlock><color><color value="#194A99"/></color><gradEndAlpha><double value="1"/></gradEndAlpha><gradEndColor><color value="#194A99"/></gradEndColor><gradStartAlpha><double value="1"/></gradStartAlpha><gradStartColor><color value="#194A99"/></gradStartColor><fillType><fillType value="linear"/></fillType><borderColor><color value="#194A99"/></borderColor><thickness><double value="10"/></thickness></styleBlock></styleBlock><styleSelector><simpleSelector value="#55_120686956"/></styleSelector></styleDeclaration><styleDeclaration><styleBlock><styleBlock><color><color value="#194A99"/></color><gradEndAlpha><double value="1"/></gradEndAlpha><gradEndColor><color value="#194A99"/></gradEndColor><gradStartAlpha><double value="1"/></gradStartAlpha><gradStartColor><color value="#194A99"/></gradStartColor><fillType><fillType value="linear"/></fillType><borderColor><color value="#194A99"/></borderColor><thickness><double value="10"/></thickness></styleBlock></styleBlock><styleSelector><simpleSelector value="#57_120686956"/></styleSelector></styleDeclaration><styleDeclaration><styleBlock><styleBlock><color><color value="#194A99"/></color><gradEndAlpha><double value="1"/></gradEndAlpha><gradEndColor><color value="#194A99"/></gradEndColor><gradStartAlpha><double value="1"/></gradStartAlpha><gradStartColor><color value="#194A99"/></gradStartColor><fillType><fillType value="linear"/></fillType><borderColor><color value="#194A99"/></borderColor><thickness><double value="10"/></thickness></styleBlock></styleBlock><styleSelector><simpleSelector value="#58_120686956"/></styleSelector></styleDeclaration></array></styleDeclarations></documentStyle></documentStyle><path><array><flyToObject><target><ref value="0"/></target></flyToObject><flyToObject><target><ref value="19"/></target></flyToObject><flyToObject><target><ref value="13_120686956"/></target></flyToObject><flyToObject><target><ref value="46_120686956"/></target></flyToObject><flyToObject><target><ref value="47_120686956"/></target></flyToObject><flyToObject><target><ref value="32_120686956"/></target></flyToObject><flyToObject><target><ref value="18"/></target></flyToObject><flyToObject><target><ref value="9_120686956"/></target></flyToObject><flyToObject><target><ref value="8_120686956"/></target></flyToObject><flyToObject><target><ref value="10_120686956"/></target></flyToObject><flyToObject><target><ref value="14_120686956"/></target></flyToObject><flyToObject><target><ref value="24"/></target></flyToObject><flyToObject><target><ref value="17"/></target></flyToObject><flyToObject><actions><array><fadeInObject><target><ref value="4_120686956"/></target></fadeInObject><fadeInObject><target><ref value="2_120686956"/></target></fadeInObject></array></actions><target><ref value="7_120686956"/></target></flyToObject></array></path><zObjects><array><zImage><id><string value="0"/></id><onlineAssetId><string value="5058950719"/></onlineAssetId><onlineAssetUrl><string value="http://0103.static.prezi.com.s3.amazonaws.com/media/8/7/9/df017b93ddb99096459144b2f2aeea09bb6d5.png"/></onlineAssetUrl><assetSourceFilename><string value="test-01.png"/></assetSourceFilename><width><double value="8000"/></width><height><double value="4500"/></height><localToWorld><transform2D x="87.78679575215914" y="-237.64481492391533" scale="17.286071927549745" rotation="0"/></localToWorld></zImage><zInvisibleFrame><id><string value="7_120686956"/></id><width><double value="1263.1101280058983"/></width><height><double value="708.6083948612213"/></height><styleClasses><array><token value="invisible"/></array></styleClasses><localToWorld><transform2D x="-1.0622819956479352" y="328.79496551347546" scale="109.75112908046209" rotation="0"/></localToWorld></zInvisibleFrame><zImage><id><string value="16"/></id><onlineAssetId><string value="5058951148"/></onlineAssetId><onlineAssetUrl><string value="http://0103.static.prezi.com.s3.amazonaws.com/media/7/a/0/0747cccf34929f561fb15bbdf198bfc153fbd.png"/></onlineAssetUrl><assetSourceFilename><string value="4-01.png"/></assetSourceFilename><width><double value="3334"/></width><height><double value="3334"/></height><localToWorld><transform2D x="-3963.8963594954926" y="-8663.379726144956" scale="3.8739253758483114" rotation="0"/></localToWorld></zImage><zImage><id><string value="19"/></id><onlineAssetId><string value="5058951151"/></onlineAssetId><onlineAssetUrl><string value="http://0103.static.prezi.com.s3.amazonaws.com/media/a/8/7/15fbc645b6860880df6b010ab63cc4671a385.png"/></onlineAssetUrl><assetSourceFilename><string value="5-01.png"/></assetSourceFilename><width><double value="3334"/></width><height><double value="3334"/></height><localToWorld><transform2D x="-3964.845803148684" y="-8501.602372289657" scale="8.682897800616235" rotation="0"/></localToWorld></zImage><zImage><id><string value="17"/></id><onlineAssetId><string value="5058951149"/></onlineAssetId><onlineAssetUrl><string value="http://0103.static.prezi.com.s3.amazonaws.com/media/a/1/9/0baa3c9a5fb396291826e5e00e41bdf9a04b6.png"/></onlineAssetUrl><assetSourceFilename><string value="2-01.png"/></assetSourceFilename><width><double value="3334"/></width><height><double value="3334"/></height><localToWorld><transform2D x="-9857.711517874048" y="767.1880123277409" scale="1.5659718478445412" rotation="0.4417707000465576"/></localToWorld></zImage><zImage><id><string value="18"/></id><onlineAssetId><string value="5058951150"/></onlineAssetId><onlineAssetUrl><string value="http://0103.static.prezi.com.s3.amazonaws.com/media/a/e/c/81667522b64891683aa739bad87da193829c4.png"/></onlineAssetUrl><assetSourceFilename><string value="3-01.png"/></assetSourceFilename><width><double value="3334"/></width><height><double value="3334"/></height><localToWorld><transform2D x="7945.235496436927" y="-9544.973169845238" scale="1.5245334503924406" rotation="-1.5801785833043922"/></localToWorld></zImage><zImage><id><string value="24"/></id><onlineAssetId><string value="5058951152"/></onlineAssetId><onlineAssetUrl><string value="http://0103.static.prezi.com.s3.amazonaws.com/media/5/f/3/f3330bc8624719b60fda3fa946670cdc7202e.png"/></onlineAssetUrl><assetSourceFilename><string value="1-01.png"/></assetSourceFilename><width><double value="3334"/></width><height><double value="3334"/></height><localToWorld><transform2D x="-15880.127526504073" y="-9542.976432144727" scale="1.5245334503924397" rotation="1.5117959521595763"/></localToWorld></zImage><zImage><id><string value="13_120686956"/></id><onlineAssetId><string value="5058983556"/></onlineAssetId><onlineAssetUrl><string value="http://0103.static.prezi.com.s3.amazonaws.com/media/0/a/f/1a1bb4a3c2f6ea4ad9878b93847d12d74aa1f.png"/></onlineAssetUrl><assetSourceFilename><string value="BLACK-01.png"/></assetSourceFilename><width><double value="3334"/></width><height><double value="3334"/></height><localToWorld><transform2D x="1943.3556342722513" y="738.8770857681312" scale="1.5645008792057684" rotation="-0.6145435903367003"/></localToWorld></zImage><zImage><id><string value="8_120686956"/></id><onlineAssetId><string value="5058951149"/></onlineAssetId><onlineAssetUrl><string value="http://0103.static.prezi.com.s3.amazonaws.com/media/a/1/9/0baa3c9a5fb396291826e5e00e41bdf9a04b6.png"/></onlineAssetUrl><assetSourceFilename><string value="2-01.png"/></assetSourceFilename><width><double value="3334"/></width><height><double value="3334"/></height><localToWorld><transform2D x="-9860.942926378382" y="-19836.55697623129" scale="1.5389415209325734" rotation="2.536977060253517"/></localToWorld></zImage><zImage><id><string value="0_120686956"/></id><onlineAssetId><string value="5059001580"/></onlineAssetId><onlineAssetUrl><string value="http://0103.static.prezi.com.s3.amazonaws.com/media/c/e/e/dd2504dceda7bac4fadfb5723bd6427779f24.jpg"/></onlineAssetUrl><assetSourceFilename><string value="photo_2018-12-23_10-53-48.jpg"/></assetSourceFilename><width><double value="584"/></width><height><double value="540"/></height><localToWorld><transform2D x="-10022.530016717013" y="1787.6356033405004" scale="3.3121177524692933" rotation="0.4409137997251478"/></localToWorld></zImage><zImage><id><string value="3_120686956"/></id><onlineAssetId><string value="5059001610"/></onlineAssetId><onlineAssetUrl><string value="http://0103.static.prezi.com.s3.amazonaws.com/media/e/7/a/706745f1fdbbb021229fc66a66f020ce06bc7.jpg"/></onlineAssetUrl><assetSourceFilename><string value="photo_2018-6-23_10-53-48.jpg"/></assetSourceFilename><width><double value="584"/></width><height><double value="540"/></height><localToWorld><transform2D x="-10813.015182192948" y="-185.9065693601184" scale="2.0475212035167973" rotation="0.4409137997251478"/></localToWorld></zImage><zText><id><string value="29"/></id><text><text><width>-117.609375</width><p><span weight="bold" color="16777215"><![CDATA[HASHSTAX]]></span></p></text></text><styleClasses><array><token value="title"/></array></styleClasses><localToWorld><transform2D x="-9167.563786341274" y="-794.0545185960104" scale="17.484673754743984" rotation="0.4409137997251479"/></localToWorld></zText><zImage><id><string value="33"/></id><onlineAssetId><string value="5058978431"/></onlineAssetId><onlineAssetUrl><string value="http://0103.static.prezi.com.s3.amazonaws.com/media/0/7/d/ad2fb22ddb84cd52868c4cf4415c650f753f9.png"/></onlineAssetUrl><assetSourceFilename><string value="11.png"/></assetSourceFilename><width><double value="1800"/></width><height><double value="1800"/></height><localToWorld><transform2D x="-16220.710566542552" y="-9473.88788345148" scale="1.6369255222884125" rotation="1.5136227208796535"/></localToWorld></zImage><zText><id><string value="30"/></id><text><text><width>-205.32421875</width><p><span weight="bold" color="16777215"><![CDATA[DEMONSTRATION]]></span></p></text></text><styleClasses><array><token value="title"/></array></styleClasses><localToWorld><transform2D x="-14268.985181693835" y="-9602.594522454681" scale="14.717389029316568" rotation="1.5136227208796535"/></localToWorld></zText><zImage><id><string value="4_120686956"/></id><onlineAssetId><string value="5058982205"/></onlineAssetId><onlineAssetUrl><string value="http://0103.static.prezi.com.s3.amazonaws.com/media/a/7/0/5d5c027938fcf2006a8272f0cd5772f02a4ba.png"/></onlineAssetUrl><assetSourceFilename><string value="Безымянный-1.png"/></assetSourceFilename><width><double value="5492"/></width><height><double value="1725"/></height><localToWorld><transform2D x="-43239.59947371639" y="-23017.329322265956" scale="6.53905224351005" rotation="0"/></localToWorld></zImage><zText><id><string value="2_120686956"/></id><text><text><width>183.48036154778436</width><p align="center"><span weight="bold" color="15478355"><![CDATA[THANKS FOR ATTENTION!]]></span></p></text></text><styleClasses><array><token value="title"/></array></styleClasses><localToWorld><transform2D x="-43584.39182558038" y="-23131.198836039297" scale="199.41125803990332" rotation="0"/></localToWorld></zText><zImage><id><string value="9_120686956"/></id><onlineAssetId><string value="5058951152"/></onlineAssetId><onlineAssetUrl><string value="http://0103.static.prezi.com.s3.amazonaws.com/media/5/f/3/f3330bc8624719b60fda3fa946670cdc7202e.png"/></onlineAssetUrl><assetSourceFilename><string value="1-01.png"/></assetSourceFilename><width><double value="3334"/></width><height><double value="3334"/></height><localToWorld><transform2D x="1978.801075313705" y="-19840.58486725873" scale="1.5245334503924397" rotation="-2.6117027108878292"/></localToWorld></zImage><zImage><id><string value="12_120686956"/></id><onlineAssetId><string value="5058983349"/></onlineAssetId><onlineAssetUrl><string value="http://0103.static.prezi.com.s3.amazonaws.com/media/4/2/4/f32064e9cca79b41983300ac33a086c3e2aa6.png"/></onlineAssetUrl><assetSourceFilename><string value="6.png"/></assetSourceFilename><width><double value="5385"/></width><height><double value="5024"/></height><localToWorld><transform2D x="8872.617126594234" y="-9553.673414464505" scale="0.7488202225329789" rotation="-1.5801785833043922"/></localToWorld></zImage><zText><id><string value="11_120686956"/></id><text><text><width>-194.53125</width><p><span weight="bold" color="16777215"><![CDATA[DECENTRALIZED]]></span></p><p align="center"><span weight="bold" color="16777215"><![CDATA[IDENTITY]]></span></p></text></text><styleClasses><array><token value="title"/></array></styleClasses><localToWorld><transform2D x="6394.1537644045475" y="-9555.737513991458" scale="12.96320590217443" rotation="-1.5801785833043922"/></localToWorld></zText><zImage><id><string value="10_120686956"/></id><onlineAssetId><string value="5059003977"/></onlineAssetId><onlineAssetUrl><string value="http://0103.static.prezi.com.s3.amazonaws.com/media/e/0/2/2673c841f48295d560bddd40f3aadf4cc5c23.png"/></onlineAssetUrl><assetSourceFilename><string value="386060-PCB98M-859.png"/></assetSourceFilename><width><double value="1426"/></width><height><double value="1307"/></height><localToWorld><transform2D x="-8801.995598485619" y="-20543.462536632214" scale="1.2619878694503632" rotation="2.536977060253517"/></localToWorld></zImage><zText><id><string value="28"/></id><text><text><width>-207.65625</width><p><span weight="bold" color="16777215"><![CDATA[SELF-SOUVERENT]]></span></p><p align="center"><span weight="bold" color="16777215"><![CDATA[IDENTITY]]></span></p></text></text><styleClasses><array><token value="title"/></array></styleClasses><localToWorld><transform2D x="-9030.552912161782" y="-18636.084334413696" scale="14.825872530183725" rotation="2.536977060253517"/></localToWorld></zText><zImage><id><string value="1_120686956"/></id><onlineAssetId><string value="5058980010"/></onlineAssetId><onlineAssetUrl><string value="http://0103.static.prezi.com.s3.amazonaws.com/media/4/a/8/9d2b54feb16f9611b9f8c449760353d1669d7.jpg"/></onlineAssetUrl><assetSourceFilename><string value="photo_2018-12-23_03-24-02.jpg"/></assetSourceFilename><width><double value="740"/></width><height><double value="442"/></height><localToWorld><transform2D x="2015.213210201744" y="840.5410553006641" scale="5.6685923554250675" rotation="-0.6145435903367005"/></localToWorld></zImage><zText><id><string value="25"/></id><text><text><width>-110.15625</width><p><span weight="bold" color="16777215"><![CDATA[PROBLEM]]></span></p></text></text><styleClasses><array><token value="title"/></array></styleClasses><localToWorld><transform2D x="1003.654314646373" y="-627.4752960417355" scale="19.198481193412217" rotation="-0.6145435903367006"/></localToWorld></zText><zImage><id><string value="16_120686956"/></id><onlineAssetId><string value="5059002042"/></onlineAssetId><onlineAssetUrl><string value="http://0103.static.prezi.com.s3.amazonaws.com/media/4/3/4/2b9f177f1c4db961c602769bdfb7ad37b7f37.png"/></onlineAssetUrl><assetSourceFilename><string value="passport (1).png"/></assetSourceFilename><width><double value="512"/></width><height><double value="512"/></height><localToWorld><transform2D x="1154.3723398177137" y="-19590.855623557574" scale="3.1686017386647705" rotation="-2.617993877991495"/></localToWorld></zImage><zImage><id><string value="18_120686956"/></id><onlineAssetId><string value="5059002771"/></onlineAssetId><onlineAssetUrl><string value="http://0103.static.prezi.com.s3.amazonaws.com/media/e/5/a/9a805835a23de8072efa3d16145c0b18f8bd1.png"/></onlineAssetUrl><assetSourceFilename><string value="43007 [преобразованный].png"/></assetSourceFilename><width><double value="3172"/></width><height><double value="1579"/></height><localToWorld><transform2D x="2604.4131096953615" y="-21190.572824014816" scale="0.9420594775079355" rotation="-2.611702710887829"/></localToWorld></zImage><zText><id><string value="17_120686956"/></id><text><text><width>-77.0390625</width><p><span weight="bold" color="16777215"><![CDATA[D-PASS]]></span></p></text></text><styleClasses><array><token value="body"/></array></styleClasses><localToWorld><transform2D x="1804.1370477094767" y="-17867.91483715043" scale="12.889251287801308" rotation="-2.6117027108878292"/></localToWorld></zText><zText><id><string value="19_120686956"/></id><text><text><width>-139.921875</width><p><span weight="bold" color="16777215"><![CDATA[bodyHistory]]></span></p></text></text><styleClasses><array><token value="body"/></array></styleClasses><localToWorld><transform2D x="3245.000258124937" y="-19523.32696995291" scale="12.889251287801308" rotation="-2.6117027108878292"/></localToWorld></zText><zArrow><id><string value="20_120686956"/></id><startEndDistance><double value="-270.07041539311615"/></startEndDistance><arcHeight><double value="-31.810517014799416"/></arcHeight><styleClasses><array><token value="line3"/></array></styleClasses><localToWorld><transform2D x="2681.652312386917" y="-18551.06989942801" scale="6.444625643900655" rotation="2.317734263277551"/></localToWorld></zArrow><zLine><id><string value="21_120686956"/></id><startEndDistance><double value="145.57624759774004"/></startEndDistance><arcHeight><double value="-17.44902670325419"/></arcHeight><styleClasses><array><token value="line3"/></array></styleClasses><localToWorld><transform2D x="855.1623779901862" y="-18560.571413523085" scale="6.444625643900651" rotation="-2.267301624070301"/></localToWorld></zLine><zLine><id><string value="22_120686956"/></id><startEndDistance><double value="151.97528700576873"/></startEndDistance><arcHeight><double value="-17.44902670325419"/></arcHeight><styleClasses><array><token value="line3"/></array></styleClasses><localToWorld><transform2D x="2015.0738011783224" y="-20532.0695542255" scale="6.444625643900651" rotation="-2.1525332577268483"/></localToWorld></zLine><zImage><id><string value="14_120686956"/></id><onlineAssetId><string value="5059003976"/></onlineAssetId><onlineAssetUrl><string value="http://0103.static.prezi.com.s3.amazonaws.com/media/2/8/e/2bb591bbfe4aa086e1efafd6b581e07f76022.png"/></onlineAssetUrl><assetSourceFilename><string value="386060-gg859.png"/></assetSourceFilename><width><double value="1366"/></width><height><double value="1250"/></height><localToWorld><transform2D x="-11113.318836463704" y="-19937.4735619142" scale="1.318624560768015" rotation="2.536977060253517"/></localToWorld></zImage><zArrow><id><string value="15_120686956"/></id><startEndDistance><double value="123.5324261249838"/></startEndDistance><arcHeight><double value="-27.91657630341535"/></arcHeight><styleClasses><array><token value="line3"/></array></styleClasses><localToWorld><transform2D x="-9758.076473245223" y="-19370.183256993812" scale="9.185130348132086" rotation="-3.0463295641502497"/></localToWorld></zArrow><zArrow><id><string value="23_120686956"/></id><startEndDistance><double value="-213.73814701546382"/></startEndDistance><arcHeight><double value="72.59332055353684"/></arcHeight><styleClasses><array><token value="line3"/></array></styleClasses><localToWorld><transform2D x="-10294.912652127274" y="-21437.775263216205" scale="9.185130348132086" rotation="2.8637481608077686"/></localToWorld></zArrow><zText><id><string value="24_120686956"/></id><text><text><width>-180.03515625</width><p indent="1" listType="bullet"><span><![CDATA[giveAccess();]]></span></p><p indent="1" listType="bullet"><span><![CDATA[getData();]]></span></p></text></text><styleClasses><array><token value="body"/></array></styleClasses><localToWorld><transform2D x="-9062.546976784088" y="-20352.96752181409" scale="4.592565174066043" rotation="2.536977060253517"/></localToWorld></zText><zText><id><string value="25_120686956"/></id><text><text><width>-134.6484375</width><p><span><![CDATA[SMART]]></span></p><p><span><![CDATA[CONTRACT]]></span></p></text></text><styleClasses><array><token value="title"/></array></styleClasses><localToWorld><transform2D x="-8859.86191967885" y="-19986.154752759303" scale="4.592565174066043" rotation="2.536977060253517"/></localToWorld></zText><zText><id><string value="26_120686956"/></id><text><text><width>-134.6484375</width><p><span><![CDATA[SMART]]></span></p><p><span><![CDATA[CONTRACT]]></span></p></text></text><styleClasses><array><token value="title"/></array></styleClasses><localToWorld><transform2D x="-10468.522686024833" y="-19802.222517537957" scale="4.592565174066043" rotation="2.536977060253517"/></localToWorld></zText><zText><id><string value="27_120686956"/></id><text><text><width>-144.03515625</width><p><span><![CDATA[addWriter();]]></span></p><p><span><![CDATA[record();]]></span></p><p><span><![CDATA[giveAccess();]]></span></p><p><span><![CDATA[getHistory();]]></span></p></text></text><styleClasses><array><token value="body"/></array></styleClasses><localToWorld><transform2D x="-10734.49390478165" y="-20149.46689926234" scale="4.592565174066043" rotation="2.536977060253517"/></localToWorld></zText><zArrow><id><string value="28_120686956"/></id><startEndDistance><double value="202.699550722032"/></startEndDistance><arcHeight><double value="-56.60638897891779"/></arcHeight><styleClasses><array><token value="line5"/></array></styleClasses><localToWorld><transform2D x="-9608.74139106785" y="351.62772182671864" scale="6.560807391522925" rotation="1.1013826160909546"/></localToWorld></zArrow><zArrow><id><string value="30_120686956"/></id><startEndDistance><double value="-202.32847055585108"/></startEndDistance><arcHeight><double value="56.60638897891779"/></arcHeight><styleClasses><array><token value="line5"/></array></styleClasses><localToWorld><transform2D x="-11380.552865126354" y="945.0679083000574" scale="6.560807391522926" rotation="1.3067389034542234"/></localToWorld></zArrow><zImage><id><string value="31_120686956"/></id><onlineAssetId><string value="5059008687"/></onlineAssetId><onlineAssetUrl><string value="http://0103.static.prezi.com.s3.amazonaws.com/media/9/7/6/3c3ecf4407e81070587bc6d62dc18b54adac3.png"/></onlineAssetUrl><assetSourceFilename><string value="11111-01.png"/></assetSourceFilename><width><double value="3334"/></width><height><double value="3334"/></height><localToWorld><transform2D x="5627.270107783131" y="-2447.8372377771925" scale="0.9252279635541837" rotation="-0.943051581187099"/></localToWorld></zImage><zImage><id><string value="32_120686956"/></id><onlineAssetId><string value="5059008687"/></onlineAssetId><onlineAssetUrl><string value="http://0103.static.prezi.com.s3.amazonaws.com/media/9/7/6/3c3ecf4407e81070587bc6d62dc18b54adac3.png"/></onlineAssetUrl><assetSourceFilename><string value="11111-01.png"/></assetSourceFilename><width><double value="3334"/></width><height><double value="3334"/></height><localToWorld><transform2D x="7118.016763284969" y="-5250.564949380348" scale="0.5531070524191047" rotation="-1.2484487692297042"/></localToWorld></zImage><zInvisibleFrame><id><string value="46_120686956"/></id><width><double value="3502.2527090534904"/></width><height><double value="1497.5140956640244"/></height><styleClasses><array><token value="invisible"/></array></styleClasses><localToWorld><transform2D x="5176.854278336603" y="-2790.557413891871" scale="0.5442976095069156" rotation="-0.9430515811870989"/></localToWorld></zInvisibleFrame><zImage><id><string value="33_120686956"/></id><onlineAssetId><string value="5059008819"/></onlineAssetId><onlineAssetUrl><string value="http://0103.static.prezi.com.s3.amazonaws.com/media/2/7/0/8febdb80ceec2a2d8f064116624fc07af6412.png"/></onlineAssetUrl><assetSourceFilename><string value="2-01.png"/></assetSourceFilename><width><double value="3334"/></width><height><double value="3334"/></height><localToWorld><transform2D x="4783.877216604818" y="-2248.9535213410704" scale="0.12924779036027462" rotation="-0.9430515811870986"/></localToWorld></zImage><zImage><id><string value="34_120686956"/></id><onlineAssetId><string value="5059008825"/></onlineAssetId><onlineAssetUrl><string value="http://0103.static.prezi.com.s3.amazonaws.com/media/a/e/7/9ec378534849ab5d569a5f975c023b34ab889.png"/></onlineAssetUrl><assetSourceFilename><string value="1-01.png"/></assetSourceFilename><width><double value="3334"/></width><height><double value="3334"/></height><localToWorld><transform2D x="5552.745429741309" y="-3295.3163818641" scale="0.16155674989805432" rotation="-0.9430515811870989"/></localToWorld></zImage><zArrow><id><string value="35_120686956"/></id><startEndDistance><double value="206.74950907907834"/></startEndDistance><styleClasses><array><token value="line3"/></array></styleClasses><localToWorld><transform2D x="5157.6526347605695" y="-2734.0966305176494" scale="3.468336117838229" rotation="-0.9430515866816915"/></localToWorld></zArrow><zText><id><string value="36_120686956"/></id><text><text><width>-40.0078125</width><p><span color="16777215"><![CDATA[Org]]></span></p></text></text><styleClasses><array><token value="body"/></array></styleClasses><localToWorld><transform2D x="5535.859401138748" y="-3288.9346150949823" scale="9.537924324055131" rotation="-0.9430515811870989"/></localToWorld></zText><zInvisibleFrame><id><string value="47_120686956"/></id><width><double value="3914.5491940830834"/></width><height><double value="1292.372418466583"/></height><styleClasses><array><token value="invisible"/></array></styleClasses><localToWorld><transform2D x="6017.638147578744" y="-2135.3131776819982" scale="0.667603083553673" rotation="-0.943051581187099"/></localToWorld></zInvisibleFrame><zImage><id><string value="39_120686956"/></id><onlineAssetId><string value="5059009014"/></onlineAssetId><onlineAssetUrl><string value="http://0103.static.prezi.com.s3.amazonaws.com/media/c/a/6/0b36d54026df361b2d659b3d2300bbfd99867.png"/></onlineAssetUrl><assetSourceFilename><string value="3-01.png"/></assetSourceFilename><width><double value="3334"/></width><height><double value="3334"/></height><localToWorld><transform2D x="6555.036748457582" y="-2896.0749508756458" scale="0.11092613657371102" rotation="-0.9430515811870989"/></localToWorld></zImage><zText><id><string value="37_120686956"/></id><text><text><width>51.55260581678186</width><p><span color="16777215"><![CDATA[You]]></span></p></text></text><styleClasses><array><token value="body"/></array></styleClasses><localToWorld><transform2D x="4809.542903876818" y="-2285.804592593101" scale="8.156822206045659" rotation="-0.943051581187099"/></localToWorld></zText><zText><id><string value="38_120686956"/></id><text><text><width>-86.71875</width><p><span color="3518377"><![CDATA[Account]]></span></p></text></text><styleClasses><array><token value="body"/></array></styleClasses><localToWorld><transform2D x="5205.405633639421" y="-2593.5986548289766" scale="6.936672235676464" rotation="-0.9430515811870986"/></localToWorld></zText><zImage><id><string value="40_120686956"/></id><onlineAssetId><string value="5059008825"/></onlineAssetId><onlineAssetUrl><string value="http://0103.static.prezi.com.s3.amazonaws.com/media/a/e/7/9ec378534849ab5d569a5f975c023b34ab889.png"/></onlineAssetUrl><assetSourceFilename><string value="1-01.png"/></assetSourceFilename><width><double value="3334"/></width><height><double value="3334"/></height><localToWorld><transform2D x="6018.510321997317" y="-2156.9015861097155" scale="0.1687455783446315" rotation="-0.9430515811870986"/></localToWorld></zImage><zImage><id><string value="42_120686956"/></id><onlineAssetId><string value="5059008819"/></onlineAssetId><onlineAssetUrl><string value="http://0103.static.prezi.com.s3.amazonaws.com/media/2/7/0/8febdb80ceec2a2d8f064116624fc07af6412.png"/></onlineAssetUrl><assetSourceFilename><string value="2-01.png"/></assetSourceFilename><width><double value="3334"/></width><height><double value="3334"/></height><localToWorld><transform2D x="5475.154867128607" y="-1409.5300579053849" scale="0.10320357378825122" rotation="-0.9430515811870989"/></localToWorld></zImage><zText><id><string value="43_120686956"/></id><text><text><width>51.55260581678186</width><p><span color="16777215"><![CDATA[You]]></span></p></text></text><styleClasses><array><token value="body"/></array></styleClasses><localToWorld><transform2D x="5491.986068538802" y="-1438.024490093329" scale="5.988863422833545" rotation="-0.9430515811870995"/></localToWorld></zText><zText><id><string value="44_120686956"/></id><text><text><width>-40.0078125</width><p><span color="16777215"><![CDATA[Org]]></span></p></text></text><styleClasses><array><token value="body"/></array></styleClasses><localToWorld><transform2D x="6548.946797754889" y="-2900.3173884438133" scale="7.526905362877101" rotation="-0.9430515811870986"/></localToWorld></zText><zText><id><string value="45_120686956"/></id><text><text><width>-40.0078125</width><p><span color="15724527"><![CDATA[IDP]]></span></p></text></text><styleClasses><array><token value="body"/></array></styleClasses><localToWorld><transform2D x="6029.106624377547" y="-2149.3845510878427" scale="11.09067327990277" rotation="-0.943051581187099"/></localToWorld></zText><zArrow><id><string value="48_120686956"/></id><startEndDistance><double value="189.32781107916793"/></startEndDistance><styleClasses><array><token value="line3"/></array></styleClasses><localToWorld><transform2D x="5730.280814984663" y="-1730.14325547397" scale="2.29628258703302" rotation="-0.9430515740235162"/></localToWorld></zArrow><zArrow><id><string value="49_120686956"/></id><startEndDistance><double value="176.8652584356557"/></startEndDistance><styleClasses><array><token value="line3"/></array></styleClasses><localToWorld><transform2D x="6334.854081723579" y="-2552.7753843725045" scale="2.29628258703302" rotation="-0.9430515740235162"/></localToWorld></zArrow><zImage><id><string value="50_120686956"/></id><onlineAssetId><string value="5059008825"/></onlineAssetId><onlineAssetUrl><string value="http://0103.static.prezi.com.s3.amazonaws.com/media/a/e/7/9ec378534849ab5d569a5f975c023b34ab889.png"/></onlineAssetUrl><assetSourceFilename><string value="1-01.png"/></assetSourceFilename><width><double value="3334"/></width><height><double value="3334"/></height><localToWorld><transform2D x="6878.858931845478" y="-4855.489530281316" scale="0.13919919788074936" rotation="-1.245739299636052"/></localToWorld></zImage><zImage><id><string value="51_120686956"/></id><onlineAssetId><string value="5059008825"/></onlineAssetId><onlineAssetUrl><string value="http://0103.static.prezi.com.s3.amazonaws.com/media/a/e/7/9ec378534849ab5d569a5f975c023b34ab889.png"/></onlineAssetUrl><assetSourceFilename><string value="1-01.png"/></assetSourceFilename><width><double value="3334"/></width><height><double value="3334"/></height><localToWorld><transform2D x="7161.186875921189" y="-5693.403046289667" scale="0.13919919788074891" rotation="-1.245739299636052"/></localToWorld></zImage><zText><id><string value="52_120686956"/></id><text><text><width>-40.5</width><p><span color="16777215"><![CDATA[You]]></span></p></text></text><styleClasses><array><token value="body"/></array></styleClasses><localToWorld><transform2D x="6881.729285079271" y="-4848.1414260028105" scale="7.526905362877102" rotation="-1.2484487692297042"/></localToWorld></zText><zText><id><string value="53_120686956"/></id><text><text><width>-50.6953125</width><p><span color="16777215"><![CDATA[Peer]]></span></p></text></text><styleClasses><array><token value="body"/></array></styleClasses><localToWorld><transform2D x="7179.671950746805" y="-5697.536354946324" scale="6.906773737015884" rotation="-1.2484487692297042"/></localToWorld></zText><zArrow><id><string value="54_120686956"/></id><startEndDistance><double value="162.11668405423717"/></startEndDistance><styleClasses><array><token value="line3"/></array></styleClasses><localToWorld><transform2D x="7041.92411452214" y="-5284.352983531829" scale="2.2962825870330215" rotation="-1.248448747324627"/></localToWorld></zArrow><zArrow><id><string value="55_120686956"/></id><startEndDistance><double value="-139.34526346525303"/></startEndDistance><styleClasses><array><token value="line3"/></array></styleClasses><localToWorld><transform2D x="7021.861919362482" y="-5224.554802325824" scale="2.29628258703302" rotation="-1.2484487473246266"/></localToWorld></zArrow><zText><id><string value="56_120686956"/></id><text><text><width>-121.41796875</width><p><span color="1657497"><![CDATA[Connection]]></span></p></text></text><styleClasses><array><token value="body"/></array></styleClasses><localToWorld><transform2D x="7168.19053781164" y="-5223.69844311206" scale="3.943786700923472" rotation="-1.2484487692297042"/></localToWorld></zText><zArrow><id><string value="57_120686956"/></id><startEndDistance><double value="-98.08913861283817"/></startEndDistance><styleClasses><array><token value="line3"/></array></styleClasses><localToWorld><transform2D x="7238.429580925355" y="-4726.832446381469" scale="2.2962825870330206" rotation="-2.8192450741195243"/></localToWorld></zArrow><zArrow><id><string value="58_120686956"/></id><startEndDistance><double value="-98.08913861283817"/></startEndDistance><styleClasses><array><token value="line3"/></array></styleClasses><localToWorld><transform2D x="7529.030467696576" y="-5584.707235967981" scale="2.2962825870330215" rotation="-2.8192450741195247"/></localToWorld></zArrow><zText><id><string value="59_120686956"/></id><text><text><width>-340.16015625</width><p><span color="1657497"><![CDATA[Distributed Ledger (BlockChain)]]></span></p></text></text><styleClasses><array><token value="body"/></array></styleClasses><localToWorld><transform2D x="7584.8503050069385" y="-5084.4400538963655" scale="3.943786700923472" rotation="-1.2484487692297042"/></localToWorld></zText></array></zObjects></prezi>